target,experiment_dir,subdir,cache_interval,layer_depth,fid_score,condition_accuracy
1,deepcache_layer_experiments_target=1_20250828_223417,cache_interval_2_layer_depth_7,2,7,292.1895844946429,0.1930425614118576
1,deepcache_layer_experiments_target=1_20250828_223417,cache_interval_1_layer_depth_9,1,9,127.20941384589929,0.37241536378860474
1,deepcache_layer_experiments_target=1_20250828_223417,cache_interval_3_layer_depth_12,3,12,681.0472396072678,0.05761432275176048
1,deepcache_layer_experiments_target=1_20250828_223417,cache_interval_2_layer_depth_5,2,5,296.68025459414,0.20145617425441742
1,deepcache_layer_experiments_target=1_20250828_223417,cache_interval_5_layer_depth_9,5,9,683.145878915655,0.05766713619232178
1,deepcache_layer_experiments_target=1_20250828_223417,cache_interval_2_layer_depth_8,2,8,284.8220150138376,0.19696097075939178
1,deepcache_layer_experiments_target=1_20250828_223417,cache_interval_5_layer_depth_7,5,7,683.145878915655,0.05766713619232178
1,deepcache_layer_experiments_target=1_20250828_223417,cache_interval_2_layer_depth_10,2,10,284.86284702448745,0.20365044474601746
1,deepcache_layer_experiments_target=1_20250828_223417,cache_interval_1_layer_depth_4,1,4,123.829382989393,0.37680715322494507
1,deepcache_layer_experiments_target=1_20250828_223417,cache_interval_1_layer_depth_14,1,14,124.74957079524557,0.35666635632514954
1,deepcache_layer_experiments_target=1_20250828_223417,cache_interval_3_layer_depth_2,3,2,683.145878915655,0.05766713619232178
1,deepcache_layer_experiments_target=1_20250828_223417,cache_interval_5_layer_depth_3,5,3,683.145878915655,0.05766713619232178
1,deepcache_layer_experiments_target=1_20250828_223417,cache_interval_3_layer_depth_13,3,13,680.39443438264,0.05777543783187866
1,deepcache_layer_experiments_target=1_20250828_223417,cache_interval_5_layer_depth_6,5,6,683.145878915655,0.05766713619232178
1,deepcache_layer_experiments_target=1_20250828_223417,cache_interval_1_layer_depth_13,1,13,124.3055091099599,0.3715534806251526
1,deepcache_layer_experiments_target=1_20250828_223417,cache_interval_1_layer_depth_5,1,5,123.46665349067666,0.36244720220565796
1,deepcache_layer_experiments_target=1_20250828_223417,cache_interval_4_layer_depth_14,4,14,683.145878915655,0.05766713619232178
1,deepcache_layer_experiments_target=1_20250828_223417,cache_interval_2_layer_depth_15,2,15,288.38835263236797,0.196627676486969
1,deepcache_layer_experiments_target=1_20250828_223417,cache_interval_1_layer_depth_1,1,1,125.36949617127462,0.35953256487846375
1,deepcache_layer_experiments_target=1_20250828_223417,cache_interval_3_layer_depth_15,3,15,680.6416281999201,0.05771791934967041
1,deepcache_layer_experiments_target=1_20250828_223417,cache_interval_4_layer_depth_5,4,5,683.145878915655,0.05766713619232178
1,deepcache_layer_experiments_target=1_20250828_223417,cache_interval_1_layer_depth_6,1,6,125.41020301538171,0.37477266788482666
1,deepcache_layer_experiments_target=1_20250828_223417,cache_interval_2_layer_depth_14,2,14,286.6740259602089,0.20461627840995789
1,deepcache_layer_experiments_target=1_20250828_223417,cache_interval_1_layer_depth_15,1,15,124.57678326354522,0.3624527156352997
1,deepcache_layer_experiments_target=1_20250828_223417,cache_interval_1_layer_depth_2,1,2,125.30053495938412,0.38444551825523376
1,deepcache_layer_experiments_target=1_20250828_223417,cache_interval_1_layer_depth_12,1,12,127.4575486080434,0.36138975620269775
1,deepcache_layer_experiments_target=1_20250828_223417,cache_interval_4_layer_depth_7,4,7,683.145878915655,0.05766713619232178
1,deepcache_layer_experiments_target=1_20250828_223417,cache_interval_3_layer_depth_11,3,11,680.2851064705796,0.05845249816775322
1,deepcache_layer_experiments_target=1_20250828_223417,cache_interval_5_layer_depth_13,5,13,683.145878915655,0.05766713619232178
1,deepcache_layer_experiments_target=1_20250828_223417,cache_interval_4_layer_depth_4,4,4,683.145878915655,0.05766713619232178
1,deepcache_layer_experiments_target=1_20250828_223417,cache_interval_4_layer_depth_10,4,10,683.145878915655,0.05766713619232178
1,deepcache_layer_experiments_target=1_20250828_223417,cache_interval_1_layer_depth_7,1,7,124.99693023068926,0.35984688997268677
1,deepcache_layer_experiments_target=1_20250828_223417,cache_interval_5_layer_depth_10,5,10,683.145878915655,0.05766713619232178
1,deepcache_layer_experiments_target=1_20250828_223417,cache_interval_5_layer_depth_12,5,12,683.145878915655,0.05766713619232178
1,deepcache_layer_experiments_target=1_20250828_223417,cache_interval_2_layer_depth_13,2,13,287.8090505361904,0.19827568531036377
1,deepcache_layer_experiments_target=1_20250828_223417,cache_interval_3_layer_depth_6,3,6,680.7979937079837,0.0576329231262207
1,deepcache_layer_experiments_target=1_20250828_223417,cache_interval_1_layer_depth_3,1,3,125.61348684672504,0.35426485538482666
1,deepcache_layer_experiments_target=1_20250828_223417,cache_interval_5_layer_depth_4,5,4,683.145878915655,0.05766713619232178
1,deepcache_layer_experiments_target=1_20250828_223417,cache_interval_4_layer_depth_13,4,13,683.145878915655,0.05766713619232178
1,deepcache_layer_experiments_target=1_20250828_223417,cache_interval_5_layer_depth_1,5,1,683.145878915655,0.05766713619232178
1,deepcache_layer_experiments_target=1_20250828_223417,cache_interval_4_layer_depth_9,4,9,683.145878915655,0.05766713619232178
1,deepcache_layer_experiments_target=1_20250828_223417,cache_interval_5_layer_depth_5,5,5,683.145878915655,0.05766713619232178
1,deepcache_layer_experiments_target=1_20250828_223417,cache_interval_3_layer_depth_1,3,1,680.4086200224077,0.05778169259428978
1,deepcache_layer_experiments_target=1_20250828_223417,cache_interval_2_layer_depth_12,2,12,289.3547529637563,0.19686581194400787
1,deepcache_layer_experiments_target=1_20250828_223417,cache_interval_2_layer_depth_4,2,4,296.489989556424,0.20350651443004608
1,deepcache_layer_experiments_target=1_20250828_223417,cache_interval_5_layer_depth_15,5,15,683.145878915655,0.05766713619232178
1,deepcache_layer_experiments_target=1_20250828_223417,cache_interval_1_layer_depth_11,1,11,124.91600383007346,0.35781165957450867
1,deepcache_layer_experiments_target=1_20250828_223417,cache_interval_5_layer_depth_8,5,8,683.145878915655,0.05766713619232178
1,deepcache_layer_experiments_target=1_20250828_223417,cache_interval_2_layer_depth_3,2,3,294.2596359339589,0.21201251447200775
1,deepcache_layer_experiments_target=1_20250828_223417,cache_interval_2_layer_depth_6,2,6,299.44691005018166,0.19603532552719116
1,deepcache_layer_experiments_target=1_20250828_223417,cache_interval_4_layer_depth_12,4,12,683.145878915655,0.05766713619232178
1,deepcache_layer_experiments_target=1_20250828_223417,cache_interval_4_layer_depth_11,4,11,683.145878915655,0.05766713619232178
1,deepcache_layer_experiments_target=1_20250828_223417,cache_interval_3_layer_depth_7,3,7,680.7263697702244,0.05770299211144447
1,deepcache_layer_experiments_target=1_20250828_223417,cache_interval_4_layer_depth_2,4,2,683.145878915655,0.05766713619232178
1,deepcache_layer_experiments_target=1_20250828_223417,cache_interval_4_layer_depth_8,4,8,683.145878915655,0.05766713619232178
1,deepcache_layer_experiments_target=1_20250828_223417,cache_interval_3_layer_depth_14,3,14,680.5798606670988,0.05762571096420288
1,deepcache_layer_experiments_target=1_20250828_223417,cache_interval_4_layer_depth_1,4,1,683.145878915655,0.05766713619232178
1,deepcache_layer_experiments_target=1_20250828_223417,cache_interval_4_layer_depth_3,4,3,683.145878915655,0.05766713619232178
1,deepcache_layer_experiments_target=1_20250828_223417,cache_interval_2_layer_depth_11,2,11,285.19917714723977,0.19938504695892334
1,deepcache_layer_experiments_target=1_20250828_223417,cache_interval_4_layer_depth_15,4,15,683.145878915655,0.05766713619232178
1,deepcache_layer_experiments_target=1_20250828_223417,cache_interval_2_layer_depth_9,2,9,286.6612977029752,0.20022031664848328
1,deepcache_layer_experiments_target=1_20250828_223417,cache_interval_2_layer_depth_1,2,1,218.90567130903145,0.25507840514183044
1,deepcache_layer_experiments_target=1_20250828_223417,cache_interval_3_layer_depth_8,3,8,680.574854142579,0.057620786130428314
1,deepcache_layer_experiments_target=1_20250828_223417,cache_interval_3_layer_depth_9,3,9,680.5533584263763,0.057623691856861115
1,deepcache_layer_experiments_target=1_20250828_223417,cache_interval_5_layer_depth_14,5,14,683.145878915655,0.05766713619232178
1,deepcache_layer_experiments_target=1_20250828_223417,cache_interval_5_layer_depth_11,5,11,683.145878915655,0.05766713619232178
1,deepcache_layer_experiments_target=1_20250828_223417,cache_interval_5_layer_depth_2,5,2,683.145878915655,0.05766713619232178
1,deepcache_layer_experiments_target=1_20250828_223417,cache_interval_1_layer_depth_10,1,10,127.12802184558109,0.36738523840904236
1,deepcache_layer_experiments_target=1_20250828_223417,cache_interval_3_layer_depth_5,3,5,680.3006876058748,0.05761260539293289
1,deepcache_layer_experiments_target=1_20250828_223417,cache_interval_1_layer_depth_8,1,8,124.47710651103972,0.35901206731796265
1,deepcache_layer_experiments_target=1_20250828_223417,cache_interval_4_layer_depth_6,4,6,683.145878915655,0.05766713619232178
1,deepcache_layer_experiments_target=1_20250828_223417,cache_interval_3_layer_depth_3,3,3,683.145878915655,0.05766713619232178
1,deepcache_layer_experiments_target=1_20250828_223417,cache_interval_3_layer_depth_4,3,4,683.145878915655,0.05766713619232178
1,deepcache_layer_experiments_target=1_20250828_223417,cache_interval_3_layer_depth_10,3,10,680.4908465471187,0.05804651975631714
1,deepcache_layer_experiments_target=1_20250828_223417,cache_interval_2_layer_depth_2,2,2,275.90792115526494,0.20610350370407104
3,deepcache_layer_experiments_target=3_20250828_225229,cache_interval_2_layer_depth_7,2,7,187.62870230267504,0.936616837978363
3,deepcache_layer_experiments_target=3_20250828_225229,cache_interval_1_layer_depth_9,1,9,157.60763013638052,0.5894838571548462
3,deepcache_layer_experiments_target=3_20250828_225229,cache_interval_3_layer_depth_12,3,12,193.51657498686876,0.942017674446106
3,deepcache_layer_experiments_target=3_20250828_225229,cache_interval_2_layer_depth_5,2,5,184.8105076981809,0.9318257570266724
3,deepcache_layer_experiments_target=3_20250828_225229,cache_interval_5_layer_depth_9,5,9,201.98581656395066,0.9522664546966553
3,deepcache_layer_experiments_target=3_20250828_225229,cache_interval_2_layer_depth_8,2,8,188.13533863941797,0.9392992854118347
3,deepcache_layer_experiments_target=3_20250828_225229,cache_interval_5_layer_depth_7,5,7,202.06927038798253,0.9591696858406067
3,deepcache_layer_experiments_target=3_20250828_225229,cache_interval_2_layer_depth_10,2,10,188.1848643223888,0.9376234412193298
3,deepcache_layer_experiments_target=3_20250828_225229,cache_interval_1_layer_depth_4,1,4,157.76402436885655,0.5778795480728149
3,deepcache_layer_experiments_target=3_20250828_225229,cache_interval_1_layer_depth_14,1,14,157.1918156435965,0.5874468088150024
3,deepcache_layer_experiments_target=3_20250828_225229,cache_interval_3_layer_depth_2,3,2,191.85354638114876,0.9445496201515198
3,deepcache_layer_experiments_target=3_20250828_225229,cache_interval_5_layer_depth_3,5,3,200.72503731307035,0.9569343328475952
3,deepcache_layer_experiments_target=3_20250828_225229,cache_interval_3_layer_depth_13,3,13,193.71851687436964,0.9348465204238892
3,deepcache_layer_experiments_target=3_20250828_225229,cache_interval_5_layer_depth_6,5,6,206.10605653656742,0.9517192244529724
3,deepcache_layer_experiments_target=3_20250828_225229,cache_interval_1_layer_depth_13,1,13,158.53199951724633,0.5943158268928528
3,deepcache_layer_experiments_target=3_20250828_225229,cache_interval_1_layer_depth_5,1,5,158.79668294701025,0.5851888656616211
3,deepcache_layer_experiments_target=3_20250828_225229,cache_interval_4_layer_depth_14,4,14,196.00399299475848,0.9594601392745972
3,deepcache_layer_experiments_target=3_20250828_225229,cache_interval_2_layer_depth_15,2,15,191.1359695944133,0.9410207271575928
3,deepcache_layer_experiments_target=3_20250828_225229,cache_interval_1_layer_depth_1,1,1,157.08651250240928,0.5907189846038818
3,deepcache_layer_experiments_target=3_20250828_225229,cache_interval_3_layer_depth_15,3,15,194.11369961904091,0.9522390961647034
3,deepcache_layer_experiments_target=3_20250828_225229,cache_interval_4_layer_depth_5,4,5,194.8945452573997,0.9609171152114868
3,deepcache_layer_experiments_target=3_20250828_225229,cache_interval_1_layer_depth_6,1,6,157.0457273056058,0.5835849046707153
3,deepcache_layer_experiments_target=3_20250828_225229,cache_interval_2_layer_depth_14,2,14,186.75364750543957,0.9339175224304199
3,deepcache_layer_experiments_target=3_20250828_225229,cache_interval_1_layer_depth_15,1,15,159.4379845968698,0.5713489055633545
3,deepcache_layer_experiments_target=3_20250828_225229,cache_interval_1_layer_depth_2,1,2,160.21178708389107,0.5625935792922974
3,deepcache_layer_experiments_target=3_20250828_225229,cache_interval_1_layer_depth_12,1,12,160.67877349510462,0.5757343769073486
3,deepcache_layer_experiments_target=3_20250828_225229,cache_interval_4_layer_depth_7,4,7,196.59886617973018,0.9504725337028503
3,deepcache_layer_experiments_target=3_20250828_225229,cache_interval_3_layer_depth_11,3,11,191.79781485703356,0.947237491607666
3,deepcache_layer_experiments_target=3_20250828_225229,cache_interval_5_layer_depth_13,5,13,202.7198205133396,0.9511764049530029
3,deepcache_layer_experiments_target=3_20250828_225229,cache_interval_4_layer_depth_4,4,4,198.73428411459412,0.9578449130058289
3,deepcache_layer_experiments_target=3_20250828_225229,cache_interval_4_layer_depth_10,4,10,194.6378154887548,0.9559285640716553
3,deepcache_layer_experiments_target=3_20250828_225229,cache_interval_1_layer_depth_7,1,7,157.22587511527854,0.5805588960647583
3,deepcache_layer_experiments_target=3_20250828_225229,cache_interval_5_layer_depth_10,5,10,203.78012396061843,0.9542877674102783
3,deepcache_layer_experiments_target=3_20250828_225229,cache_interval_5_layer_depth_12,5,12,203.78299269417658,0.9553459882736206
3,deepcache_layer_experiments_target=3_20250828_225229,cache_interval_2_layer_depth_13,2,13,188.45446679339187,0.9276680946350098
3,deepcache_layer_experiments_target=3_20250828_225229,cache_interval_3_layer_depth_6,3,6,195.3173885552215,0.9482901096343994
3,deepcache_layer_experiments_target=3_20250828_225229,cache_interval_1_layer_depth_3,1,3,157.16967948757582,0.5874351263046265
3,deepcache_layer_experiments_target=3_20250828_225229,cache_interval_5_layer_depth_4,5,4,201.79380089856252,0.9619085788726807
3,deepcache_layer_experiments_target=3_20250828_225229,cache_interval_4_layer_depth_13,4,13,194.57230868262428,0.9613524675369263
3,deepcache_layer_experiments_target=3_20250828_225229,cache_interval_5_layer_depth_1,5,1,202.63712385500915,0.9457557201385498
3,deepcache_layer_experiments_target=3_20250828_225229,cache_interval_4_layer_depth_9,4,9,195.2984303108749,0.9593446254730225
3,deepcache_layer_experiments_target=3_20250828_225229,cache_interval_5_layer_depth_5,5,5,203.35575485755902,0.9533253908157349
3,deepcache_layer_experiments_target=3_20250828_225229,cache_interval_3_layer_depth_1,3,1,194.24915234698727,0.9366355538368225
3,deepcache_layer_experiments_target=3_20250828_225229,cache_interval_2_layer_depth_12,2,12,185.98230389043783,0.9362941980361938
3,deepcache_layer_experiments_target=3_20250828_225229,cache_interval_2_layer_depth_4,2,4,187.30765314117642,0.9401285648345947
3,deepcache_layer_experiments_target=3_20250828_225229,cache_interval_5_layer_depth_15,5,15,204.45948840169962,0.9527937173843384
3,deepcache_layer_experiments_target=3_20250828_225229,cache_interval_1_layer_depth_11,1,11,161.92194013943117,0.5700136423110962
3,deepcache_layer_experiments_target=3_20250828_225229,cache_interval_5_layer_depth_8,5,8,203.2667243363395,0.9613218903541565
3,deepcache_layer_experiments_target=3_20250828_225229,cache_interval_2_layer_depth_3,2,3,185.8497061992699,0.9370267391204834
3,deepcache_layer_experiments_target=3_20250828_225229,cache_interval_2_layer_depth_6,2,6,189.2435277613888,0.9383178949356079
3,deepcache_layer_experiments_target=3_20250828_225229,cache_interval_4_layer_depth_12,4,12,197.42991449102738,0.9678663015365601
3,deepcache_layer_experiments_target=3_20250828_225229,cache_interval_4_layer_depth_11,4,11,197.43336334835666,0.9581648111343384
3,deepcache_layer_experiments_target=3_20250828_225229,cache_interval_3_layer_depth_7,3,7,195.4921055053609,0.9519420862197876
3,deepcache_layer_experiments_target=3_20250828_225229,cache_interval_4_layer_depth_2,4,2,196.80971830748186,0.9645142555236816
3,deepcache_layer_experiments_target=3_20250828_225229,cache_interval_4_layer_depth_8,4,8,195.95866647562588,0.9546225070953369
3,deepcache_layer_experiments_target=3_20250828_225229,cache_interval_3_layer_depth_14,3,14,192.9342570155634,0.9530156850814819
3,deepcache_layer_experiments_target=3_20250828_225229,cache_interval_4_layer_depth_1,4,1,195.92254332530575,0.9478497505187988
3,deepcache_layer_experiments_target=3_20250828_225229,cache_interval_4_layer_depth_3,4,3,194.6715324901768,0.9604580402374268
3,deepcache_layer_experiments_target=3_20250828_225229,cache_interval_2_layer_depth_11,2,11,188.29005664794397,0.9324601888656616
3,deepcache_layer_experiments_target=3_20250828_225229,cache_interval_4_layer_depth_15,4,15,196.63582967329035,0.9589399099349976
3,deepcache_layer_experiments_target=3_20250828_225229,cache_interval_2_layer_depth_9,2,9,186.9688869440733,0.9368410706520081
3,deepcache_layer_experiments_target=3_20250828_225229,cache_interval_2_layer_depth_1,2,1,187.890040077856,0.9219791889190674
3,deepcache_layer_experiments_target=3_20250828_225229,cache_interval_3_layer_depth_8,3,8,193.71553867974814,0.9549169540405273
3,deepcache_layer_experiments_target=3_20250828_225229,cache_interval_3_layer_depth_9,3,9,193.26982474483722,0.9481218457221985
3,deepcache_layer_experiments_target=3_20250828_225229,cache_interval_5_layer_depth_14,5,14,205.34002122051402,0.9515959024429321
3,deepcache_layer_experiments_target=3_20250828_225229,cache_interval_5_layer_depth_11,5,11,205.17820491782618,0.9616360664367676
3,deepcache_layer_experiments_target=3_20250828_225229,cache_interval_5_layer_depth_2,5,2,201.18103471505265,0.9581926465034485
3,deepcache_layer_experiments_target=3_20250828_225229,cache_interval_1_layer_depth_10,1,10,158.51148811135414,0.585471510887146
3,deepcache_layer_experiments_target=3_20250828_225229,cache_interval_3_layer_depth_5,3,5,194.05101806686255,0.9523670673370361
3,deepcache_layer_experiments_target=3_20250828_225229,cache_interval_1_layer_depth_8,1,8,158.16919353106607,0.5764454007148743
3,deepcache_layer_experiments_target=3_20250828_225229,cache_interval_4_layer_depth_6,4,6,200.1364221253836,0.9586485624313354
3,deepcache_layer_experiments_target=3_20250828_225229,cache_interval_3_layer_depth_3,3,3,194.5694405706656,0.9470980167388916
3,deepcache_layer_experiments_target=3_20250828_225229,cache_interval_3_layer_depth_4,3,4,194.77443485782157,0.9457995891571045
3,deepcache_layer_experiments_target=3_20250828_225229,cache_interval_3_layer_depth_10,3,10,191.09734341291676,0.9422745108604431
3,deepcache_layer_experiments_target=3_20250828_225229,cache_interval_2_layer_depth_2,2,2,188.11536102467971,0.9295995235443115
5,deepcache_layer_experiments_target=5_20250828_225246,cache_interval_2_layer_depth_7,2,7,167.20146192915996,0.17580220103263855
5,deepcache_layer_experiments_target=5_20250828_225246,cache_interval_1_layer_depth_9,1,9,192.23481691267153,0.22642868757247925
5,deepcache_layer_experiments_target=5_20250828_225246,cache_interval_3_layer_depth_12,3,12,156.90675152813253,0.12848612666130066
5,deepcache_layer_experiments_target=5_20250828_225246,cache_interval_2_layer_depth_5,2,5,169.27537686492292,0.17487600445747375
5,deepcache_layer_experiments_target=5_20250828_225246,cache_interval_5_layer_depth_9,5,9,150.91633103222557,0.06733348965644836
5,deepcache_layer_experiments_target=5_20250828_225246,cache_interval_2_layer_depth_8,2,8,167.90345559519716,0.17555049061775208
5,deepcache_layer_experiments_target=5_20250828_225246,cache_interval_5_layer_depth_7,5,7,148.0414645951131,0.06852275133132935
5,deepcache_layer_experiments_target=5_20250828_225246,cache_interval_2_layer_depth_10,2,10,169.619169042108,0.15363377332687378
5,deepcache_layer_experiments_target=5_20250828_225246,cache_interval_1_layer_depth_4,1,4,188.66105916922277,0.24417828023433685
5,deepcache_layer_experiments_target=5_20250828_225246,cache_interval_1_layer_depth_14,1,14,188.33224779503564,0.22691118717193604
5,deepcache_layer_experiments_target=5_20250828_225246,cache_interval_3_layer_depth_2,3,2,161.30953994003818,0.13588421046733856
5,deepcache_layer_experiments_target=5_20250828_225246,cache_interval_5_layer_depth_3,5,3,150.6957889796529,0.08801227807998657
5,deepcache_layer_experiments_target=5_20250828_225246,cache_interval_3_layer_depth_13,3,13,160.2686691769344,0.10701934248209
5,deepcache_layer_experiments_target=5_20250828_225246,cache_interval_5_layer_depth_6,5,6,150.35545243252085,0.06914124637842178
5,deepcache_layer_experiments_target=5_20250828_225246,cache_interval_1_layer_depth_13,1,13,186.44467541359012,0.22973395884037018
5,deepcache_layer_experiments_target=5_20250828_225246,cache_interval_1_layer_depth_5,1,5,195.71208693015683,0.22064217925071716
5,deepcache_layer_experiments_target=5_20250828_225246,cache_interval_4_layer_depth_14,4,14,154.82039539847148,0.10232186317443848
5,deepcache_layer_experiments_target=5_20250828_225246,cache_interval_2_layer_depth_15,2,15,167.9911348003808,0.18487045168876648
5,deepcache_layer_experiments_target=5_20250828_225246,cache_interval_1_layer_depth_1,1,1,190.27241696548464,0.22709566354751587
5,deepcache_layer_experiments_target=5_20250828_225246,cache_interval_3_layer_depth_15,3,15,160.4269182947017,0.1277901530265808
5,deepcache_layer_experiments_target=5_20250828_225246,cache_interval_4_layer_depth_5,4,5,154.04562987146176,0.0967564582824707
5,deepcache_layer_experiments_target=5_20250828_225246,cache_interval_1_layer_depth_6,1,6,192.83026737915662,0.2377397119998932
5,deepcache_layer_experiments_target=5_20250828_225246,cache_interval_2_layer_depth_14,2,14,168.95992551533607,0.15978749096393585
5,deepcache_layer_experiments_target=5_20250828_225246,cache_interval_1_layer_depth_15,1,15,190.27856482534588,0.22874701023101807
5,deepcache_layer_experiments_target=5_20250828_225246,cache_interval_1_layer_depth_2,1,2,184.57138421981006,0.24714064598083496
5,deepcache_layer_experiments_target=5_20250828_225246,cache_interval_1_layer_depth_12,1,12,192.44510079423816,0.23404264450073242
5,deepcache_layer_experiments_target=5_20250828_225246,cache_interval_4_layer_depth_7,4,7,155.82919901775892,0.09011153876781464
5,deepcache_layer_experiments_target=5_20250828_225246,cache_interval_3_layer_depth_11,3,11,156.6362988508024,0.1261349320411682
5,deepcache_layer_experiments_target=5_20250828_225246,cache_interval_5_layer_depth_13,5,13,149.63392546234542,0.08464981615543365
5,deepcache_layer_experiments_target=5_20250828_225246,cache_interval_4_layer_depth_4,4,4,153.8676165970906,0.09416180104017258
5,deepcache_layer_experiments_target=5_20250828_225246,cache_interval_4_layer_depth_10,4,10,154.25777059360183,0.09678322076797485
5,deepcache_layer_experiments_target=5_20250828_225246,cache_interval_1_layer_depth_7,1,7,191.0719790885658,0.2516928017139435
5,deepcache_layer_experiments_target=5_20250828_225246,cache_interval_5_layer_depth_10,5,10,149.17240781287518,0.07837767899036407
5,deepcache_layer_experiments_target=5_20250828_225246,cache_interval_5_layer_depth_12,5,12,150.03391514505796,0.07897349447011948
5,deepcache_layer_experiments_target=5_20250828_225246,cache_interval_2_layer_depth_13,2,13,169.17570138325715,0.16465571522712708
5,deepcache_layer_experiments_target=5_20250828_225246,cache_interval_3_layer_depth_6,3,6,158.72497371559825,0.13498565554618835
5,deepcache_layer_experiments_target=5_20250828_225246,cache_interval_1_layer_depth_3,1,3,191.37238232726543,0.20297768712043762
5,deepcache_layer_experiments_target=5_20250828_225246,cache_interval_5_layer_depth_4,5,4,148.90387300108978,0.07501067221164703
5,deepcache_layer_experiments_target=5_20250828_225246,cache_interval_4_layer_depth_13,4,13,153.425165283539,0.11418689787387848
5,deepcache_layer_experiments_target=5_20250828_225246,cache_interval_5_layer_depth_1,5,1,150.6200705362682,0.08435247838497162
5,deepcache_layer_experiments_target=5_20250828_225246,cache_interval_4_layer_depth_9,4,9,152.65377836688208,0.09716123342514038
5,deepcache_layer_experiments_target=5_20250828_225246,cache_interval_5_layer_depth_5,5,5,148.08726109028748,0.07446235418319702
5,deepcache_layer_experiments_target=5_20250828_225246,cache_interval_3_layer_depth_1,3,1,162.5181783203829,0.12540483474731445
5,deepcache_layer_experiments_target=5_20250828_225246,cache_interval_2_layer_depth_12,2,12,168.938961835825,0.1737593412399292
5,deepcache_layer_experiments_target=5_20250828_225246,cache_interval_2_layer_depth_4,2,4,167.1766385468827,0.18133941292762756
5,deepcache_layer_experiments_target=5_20250828_225246,cache_interval_5_layer_depth_15,5,15,149.46728751046192,0.07925625145435333
5,deepcache_layer_experiments_target=5_20250828_225246,cache_interval_1_layer_depth_11,1,11,191.6514084446198,0.2162947952747345
5,deepcache_layer_experiments_target=5_20250828_225246,cache_interval_5_layer_depth_8,5,8,149.40605574119178,0.07260442525148392
5,deepcache_layer_experiments_target=5_20250828_225246,cache_interval_2_layer_depth_3,2,3,167.27896421981217,0.17939844727516174
5,deepcache_layer_experiments_target=5_20250828_225246,cache_interval_2_layer_depth_6,2,6,169.78388002651502,0.16122686862945557
5,deepcache_layer_experiments_target=5_20250828_225246,cache_interval_4_layer_depth_12,4,12,153.88866471759184,0.09376541525125504
5,deepcache_layer_experiments_target=5_20250828_225246,cache_interval_4_layer_depth_11,4,11,152.24982166432392,0.10203221440315247
5,deepcache_layer_experiments_target=5_20250828_225246,cache_interval_3_layer_depth_7,3,7,159.91269021267766,0.12494276463985443
5,deepcache_layer_experiments_target=5_20250828_225246,cache_interval_4_layer_depth_2,4,2,156.41737289809748,0.11227212846279144
5,deepcache_layer_experiments_target=5_20250828_225246,cache_interval_4_layer_depth_8,4,8,152.60776590444686,0.10614752024412155
5,deepcache_layer_experiments_target=5_20250828_225246,cache_interval_3_layer_depth_14,3,14,157.59298097056143,0.13644340634346008
5,deepcache_layer_experiments_target=5_20250828_225246,cache_interval_4_layer_depth_1,4,1,154.5442733527396,0.10295099765062332
5,deepcache_layer_experiments_target=5_20250828_225246,cache_interval_4_layer_depth_3,4,3,156.8443404951708,0.09042391180992126
5,deepcache_layer_experiments_target=5_20250828_225246,cache_interval_2_layer_depth_11,2,11,170.45324486312182,0.14708861708641052
5,deepcache_layer_experiments_target=5_20250828_225246,cache_interval_4_layer_depth_15,4,15,155.52754167671316,0.10640241950750351
5,deepcache_layer_experiments_target=5_20250828_225246,cache_interval_2_layer_depth_9,2,9,170.3304978958946,0.1707736849784851
5,deepcache_layer_experiments_target=5_20250828_225246,cache_interval_2_layer_depth_1,2,1,169.84758465762513,0.20615509152412415
5,deepcache_layer_experiments_target=5_20250828_225246,cache_interval_3_layer_depth_8,3,8,159.62848561439836,0.11882547289133072
5,deepcache_layer_experiments_target=5_20250828_225246,cache_interval_3_layer_depth_9,3,9,159.17645973811176,0.125255286693573
5,deepcache_layer_experiments_target=5_20250828_225246,cache_interval_5_layer_depth_14,5,14,148.52668801927842,0.07680931687355042
5,deepcache_layer_experiments_target=5_20250828_225246,cache_interval_5_layer_depth_11,5,11,149.09705264518072,0.07717856764793396
5,deepcache_layer_experiments_target=5_20250828_225246,cache_interval_5_layer_depth_2,5,2,149.1741953253137,0.09784002602100372
5,deepcache_layer_experiments_target=5_20250828_225246,cache_interval_1_layer_depth_10,1,10,191.83655196361315,0.226206436753273
5,deepcache_layer_experiments_target=5_20250828_225246,cache_interval_3_layer_depth_5,3,5,160.71616990144122,0.11786936223506927
5,deepcache_layer_experiments_target=5_20250828_225246,cache_interval_1_layer_depth_8,1,8,191.9484513030011,0.21047961711883545
5,deepcache_layer_experiments_target=5_20250828_225246,cache_interval_4_layer_depth_6,4,6,155.25838237350655,0.10049134492874146
5,deepcache_layer_experiments_target=5_20250828_225246,cache_interval_3_layer_depth_3,3,3,158.6767279381857,0.1270548403263092
5,deepcache_layer_experiments_target=5_20250828_225246,cache_interval_3_layer_depth_4,3,4,160.21324355225119,0.12948864698410034
5,deepcache_layer_experiments_target=5_20250828_225246,cache_interval_3_layer_depth_10,3,10,156.94104849373036,0.12599961459636688
5,deepcache_layer_experiments_target=5_20250828_225246,cache_interval_2_layer_depth_2,2,2,169.88247937965076,0.1794162392616272
7,deepcache_layer_experiments_target=7_20250828_225256,cache_interval_2_layer_depth_7,2,7,174.5682364459607,0.18749935925006866
7,deepcache_layer_experiments_target=7_20250828_225256,cache_interval_1_layer_depth_9,1,9,165.1472937530815,0.3933188021183014
7,deepcache_layer_experiments_target=7_20250828_225256,cache_interval_3_layer_depth_12,3,12,159.31683524499675,0.146261066198349
7,deepcache_layer_experiments_target=7_20250828_225256,cache_interval_2_layer_depth_5,2,5,173.4503845060294,0.21156547963619232
7,deepcache_layer_experiments_target=7_20250828_225256,cache_interval_5_layer_depth_9,5,9,153.6791952628273,0.08829173445701599
7,deepcache_layer_experiments_target=7_20250828_225256,cache_interval_2_layer_depth_8,2,8,174.883833561794,0.19286875426769257
7,deepcache_layer_experiments_target=7_20250828_225256,cache_interval_5_layer_depth_7,5,7,154.4931035949498,0.08757701516151428
7,deepcache_layer_experiments_target=7_20250828_225256,cache_interval_2_layer_depth_10,2,10,168.08168048715038,0.20197167992591858
7,deepcache_layer_experiments_target=7_20250828_225256,cache_interval_1_layer_depth_4,1,4,165.01388066448317,0.38904109597206116
7,deepcache_layer_experiments_target=7_20250828_225256,cache_interval_1_layer_depth_14,1,14,165.864822462009,0.3969152569770813
7,deepcache_layer_experiments_target=7_20250828_225256,cache_interval_3_layer_depth_2,3,2,160.17961851512263,0.15993443131446838
7,deepcache_layer_experiments_target=7_20250828_225256,cache_interval_5_layer_depth_3,5,3,151.6990878887379,0.10042962431907654
7,deepcache_layer_experiments_target=7_20250828_225256,cache_interval_3_layer_depth_13,3,13,159.682069564862,0.16113948822021484
7,deepcache_layer_experiments_target=7_20250828_225256,cache_interval_5_layer_depth_6,5,6,150.98507178108014,0.10082370787858963
7,deepcache_layer_experiments_target=7_20250828_225256,cache_interval_1_layer_depth_13,1,13,165.20501319929826,0.39545315504074097
7,deepcache_layer_experiments_target=7_20250828_225256,cache_interval_1_layer_depth_5,1,5,167.1085788702763,0.3803986608982086
7,deepcache_layer_experiments_target=7_20250828_225256,cache_interval_4_layer_depth_14,4,14,151.0086024313045,0.12693683803081512
7,deepcache_layer_experiments_target=7_20250828_225256,cache_interval_2_layer_depth_15,2,15,169.4785661013921,0.19653603434562683
7,deepcache_layer_experiments_target=7_20250828_225256,cache_interval_1_layer_depth_1,1,1,164.1118249813872,0.41419094800949097
7,deepcache_layer_experiments_target=7_20250828_225256,cache_interval_3_layer_depth_15,3,15,159.87183313728275,0.14455777406692505
7,deepcache_layer_experiments_target=7_20250828_225256,cache_interval_4_layer_depth_5,4,5,149.70316465799453,0.11301479488611221
7,deepcache_layer_experiments_target=7_20250828_225256,cache_interval_1_layer_depth_6,1,6,166.3777023425344,0.404681921005249
7,deepcache_layer_experiments_target=7_20250828_225256,cache_interval_2_layer_depth_14,2,14,173.64094439790654,0.20060743391513824
7,deepcache_layer_experiments_target=7_20250828_225256,cache_interval_1_layer_depth_15,1,15,165.247094746196,0.3858594298362732
7,deepcache_layer_experiments_target=7_20250828_225256,cache_interval_1_layer_depth_2,1,2,166.74424199311522,0.4028857350349426
7,deepcache_layer_experiments_target=7_20250828_225256,cache_interval_1_layer_depth_12,1,12,163.6968972495984,0.3880313038825989
7,deepcache_layer_experiments_target=7_20250828_225256,cache_interval_4_layer_depth_7,4,7,152.28422823573868,0.10993549972772598
7,deepcache_layer_experiments_target=7_20250828_225256,cache_interval_3_layer_depth_11,3,11,158.2906906283709,0.1575593203306198
7,deepcache_layer_experiments_target=7_20250828_225256,cache_interval_5_layer_depth_13,5,13,154.04184161172014,0.09067528694868088
7,deepcache_layer_experiments_target=7_20250828_225256,cache_interval_4_layer_depth_4,4,4,150.36923182787547,0.12444693595170975
7,deepcache_layer_experiments_target=7_20250828_225256,cache_interval_4_layer_depth_10,4,10,150.22037807558075,0.12549176812171936
7,deepcache_layer_experiments_target=7_20250828_225256,cache_interval_1_layer_depth_7,1,7,165.62863368236063,0.4160841405391693
7,deepcache_layer_experiments_target=7_20250828_225256,cache_interval_5_layer_depth_10,5,10,152.81987834857836,0.09228597581386566
7,deepcache_layer_experiments_target=7_20250828_225256,cache_interval_5_layer_depth_12,5,12,152.1053094466838,0.09093548357486725
7,deepcache_layer_experiments_target=7_20250828_225256,cache_interval_2_layer_depth_13,2,13,171.82859919161172,0.19494539499282837
7,deepcache_layer_experiments_target=7_20250828_225256,cache_interval_3_layer_depth_6,3,6,158.37238881621488,0.1599891185760498
7,deepcache_layer_experiments_target=7_20250828_225256,cache_interval_1_layer_depth_3,1,3,165.59235695222094,0.3942462205886841
7,deepcache_layer_experiments_target=7_20250828_225256,cache_interval_5_layer_depth_4,5,4,151.9254442468536,0.08854738622903824
7,deepcache_layer_experiments_target=7_20250828_225256,cache_interval_4_layer_depth_13,4,13,150.27614312727331,0.12362442165613174
7,deepcache_layer_experiments_target=7_20250828_225256,cache_interval_5_layer_depth_1,5,1,152.8314812106605,0.10173401981592178
7,deepcache_layer_experiments_target=7_20250828_225256,cache_interval_4_layer_depth_9,4,9,150.65185063997995,0.12032756209373474
7,deepcache_layer_experiments_target=7_20250828_225256,cache_interval_5_layer_depth_5,5,5,150.7358144779531,0.08374372124671936
7,deepcache_layer_experiments_target=7_20250828_225256,cache_interval_3_layer_depth_1,3,1,161.81629165065465,0.15686281025409698
7,deepcache_layer_experiments_target=7_20250828_225256,cache_interval_2_layer_depth_12,2,12,173.880098612987,0.17087268829345703
7,deepcache_layer_experiments_target=7_20250828_225256,cache_interval_2_layer_depth_4,2,4,173.79978011078305,0.1905263066291809
7,deepcache_layer_experiments_target=7_20250828_225256,cache_interval_5_layer_depth_15,5,15,152.40475406209936,0.0871608704328537
7,deepcache_layer_experiments_target=7_20250828_225256,cache_interval_1_layer_depth_11,1,11,164.63729070922773,0.40238577127456665
7,deepcache_layer_experiments_target=7_20250828_225256,cache_interval_5_layer_depth_8,5,8,152.58040485273125,0.08075986802577972
7,deepcache_layer_experiments_target=7_20250828_225256,cache_interval_2_layer_depth_3,2,3,174.49918783592028,0.1877332627773285
7,deepcache_layer_experiments_target=7_20250828_225256,cache_interval_2_layer_depth_6,2,6,174.28930998601874,0.18386495113372803
7,deepcache_layer_experiments_target=7_20250828_225256,cache_interval_4_layer_depth_12,4,12,147.76001941270306,0.1261807382106781
7,deepcache_layer_experiments_target=7_20250828_225256,cache_interval_4_layer_depth_11,4,11,149.6634244934238,0.11684712767601013
7,deepcache_layer_experiments_target=7_20250828_225256,cache_interval_3_layer_depth_7,3,7,158.64341732537395,0.1609266996383667
7,deepcache_layer_experiments_target=7_20250828_225256,cache_interval_4_layer_depth_2,4,2,150.98858425974254,0.12595349550247192
7,deepcache_layer_experiments_target=7_20250828_225256,cache_interval_4_layer_depth_8,4,8,148.93008166582933,0.1144629567861557
7,deepcache_layer_experiments_target=7_20250828_225256,cache_interval_3_layer_depth_14,3,14,160.41459006669152,0.14387193322181702
7,deepcache_layer_experiments_target=7_20250828_225256,cache_interval_4_layer_depth_1,4,1,151.07325379863317,0.11927429586648941
7,deepcache_layer_experiments_target=7_20250828_225256,cache_interval_4_layer_depth_3,4,3,150.3712979760133,0.12465539574623108
7,deepcache_layer_experiments_target=7_20250828_225256,cache_interval_2_layer_depth_11,2,11,175.23976038329036,0.1952429711818695
7,deepcache_layer_experiments_target=7_20250828_225256,cache_interval_4_layer_depth_15,4,15,152.23185725020716,0.11398633569478989
7,deepcache_layer_experiments_target=7_20250828_225256,cache_interval_2_layer_depth_9,2,9,171.0146451074234,0.19461046159267426
7,deepcache_layer_experiments_target=7_20250828_225256,cache_interval_2_layer_depth_1,2,1,173.94785889449798,0.21725404262542725
7,deepcache_layer_experiments_target=7_20250828_225256,cache_interval_3_layer_depth_8,3,8,160.5275143002774,0.14837022125720978
7,deepcache_layer_experiments_target=7_20250828_225256,cache_interval_3_layer_depth_9,3,9,156.92895751689218,0.14826440811157227
7,deepcache_layer_experiments_target=7_20250828_225256,cache_interval_5_layer_depth_14,5,14,153.42337625876792,0.09801986068487167
7,deepcache_layer_experiments_target=7_20250828_225256,cache_interval_5_layer_depth_11,5,11,152.75602415224887,0.09636219590902328
7,deepcache_layer_experiments_target=7_20250828_225256,cache_interval_5_layer_depth_2,5,2,151.6060452220762,0.10043009370565414
7,deepcache_layer_experiments_target=7_20250828_225256,cache_interval_1_layer_depth_10,1,10,168.25818869552995,0.3772503733634949
7,deepcache_layer_experiments_target=7_20250828_225256,cache_interval_3_layer_depth_5,3,5,160.5395858867031,0.14685451984405518
7,deepcache_layer_experiments_target=7_20250828_225256,cache_interval_1_layer_depth_8,1,8,160.67112767015396,0.39587152004241943
7,deepcache_layer_experiments_target=7_20250828_225256,cache_interval_4_layer_depth_6,4,6,149.30744398221293,0.11066919565200806
7,deepcache_layer_experiments_target=7_20250828_225256,cache_interval_3_layer_depth_3,3,3,158.94075817757204,0.15672045946121216
7,deepcache_layer_experiments_target=7_20250828_225256,cache_interval_3_layer_depth_4,3,4,159.63310923904305,0.15906724333763123
7,deepcache_layer_experiments_target=7_20250828_225256,cache_interval_3_layer_depth_10,3,10,160.5935004638203,0.15268296003341675
7,deepcache_layer_experiments_target=7_20250828_225256,cache_interval_2_layer_depth_2,2,2,174.76716328610456,0.1973838359117508
